tipoDocumento,competencia,vencimento,valor,valorNumero,status,voceJaPagou,id
HOLERITE,05/2026,19/06/2026,-,,Pago,true,HOLERITE|05/2026|19/06/2026
DARF - FOLHA,04/2026,20/05/2026,"R$ 178,31",178.31,Pago,true,DARF - FOLHA|04/2026|20/05/2026
DAS - SIMPLES NACIONAL,04/2026,20/05/2026,"R$ 1.977,56",1977.56,Pago,true,DAS - SIMPLES NACIONAL|04/2026|20/05/2026
Taxa de Localização e Fu...,05/2026,11/05/2026,-,,Pago,true,Taxa de Localização e Fu...|05/2026|11/05/2026
HOLERITE,04/2026,20/05/2026,-,,Pago,true,HOLERITE|04/2026|20/05/2026
DAS - SIMPLES NACIONAL,03/2026,20/04/2026,"R$ 1.801,87",1801.87,Pago,true,DAS - SIMPLES NACIONAL|03/2026|20/04/2026
DARF - FOLHA,03/2026,20/04/2026,"R$ 178,31",178.31,Pago,true,DARF - FOLHA|03/2026|20/04/2026
HOLERITE,03/2026,20/04/2026,-,,Pago,true,HOLERITE|03/2026|20/04/2026
DAS - SIMPLES NACIONAL,02/2026,20/03/2026,"R$ 1.794,35",1794.35,Pago,true,DAS - SIMPLES NACIONAL|02/2026|20/03/2026
DARF - FOLHA,02/2026,20/03/2026,"R$ 178,31",178.31,Pago,true,DARF - FOLHA|02/2026|20/03/2026
HOLERITE,02/2026,20/03/2026,-,,Pago,true,HOLERITE|02/2026|20/03/2026
DAS - SIMPLES NACIONAL,01/2026,20/02/2026,"R$ 1.786,66",1786.66,Pago,true,DAS - SIMPLES NACIONAL|01/2026|20/02/2026
DARF - FOLHA,01/2026,20/02/2026,"R$ 178,31",178.31,Pago,true,DARF - FOLHA|01/2026|20/02/2026
HOLERITE,01/2026,20/02/2026,-,,Pago,true,HOLERITE|01/2026|20/02/2026
DAS - SIMPLES NACIONAL,12/2025,20/01/2026,"R$ 1.778,83",1778.83,Pago,true,DAS - SIMPLES NACIONAL|12/2025|20/01/2026
DARF - FOLHA,12/2025,20/01/2026,"R$ 166,98",166.98,Pago,true,DARF - FOLHA|12/2025|20/01/2026
HOLERITE,12/2025,20/01/2026,-,,Pago,true,HOLERITE|12/2025|20/01/2026
DARF - FOLHA | Recálculo...,11/2025,22/12/2025,"R$ 167,53",167.53,Pago,true,DARF - FOLHA | Recálculo...|11/2025|22/12/2025
DAS - SIMPLES NACIONAL,11/2025,22/12/2025,"R$ 1.770,83",1770.83,Pago,true,DAS - SIMPLES NACIONAL|11/2025|22/12/2025
DARF - FOLHA,11/2025,19/12/2025,"R$ 166,98",166.98,Recálculo solicitado,false,DARF - FOLHA|11/2025|19/12/2025
HOLERITE,11/2025,19/12/2025,-,,Vencido,false,HOLERITE|11/2025|19/12/2025
DAS - SIMPLES NACIONAL,10/2025,21/11/2025,"R$ 1.762,67",1762.67,Pago,true,DAS - SIMPLES NACIONAL|10/2025|21/11/2025
DARF - FOLHA,10/2025,19/11/2025,"R$ 166,98",166.98,Pago,true,DARF - FOLHA|10/2025|19/11/2025
HOLERITE,10/2025,19/11/2025,-,,Pago,true,HOLERITE|10/2025|19/11/2025
DAS - SIMPLES NACIONAL,09/2025,20/10/2025,"R$ 1.754,33",1754.33,Pago,true,DAS - SIMPLES NACIONAL|09/2025|20/10/2025
DARF - FOLHA,09/2025,20/10/2025,"R$ 166,98",166.98,Pago,true,DARF - FOLHA|09/2025|20/10/2025
HOLERITE,09/2025,20/10/2025,-,,Pago,true,HOLERITE|09/2025|20/10/2025
DARF - FOLHA,08/2025,19/09/2025,"R$ 166,98",166.98,Pago,true,DARF - FOLHA|08/2025|19/09/2025
DAS - SIMPLES NACIONAL,08/2025,22/09/2025,"R$ 1.745,83",1745.83,Pago,true,DAS - SIMPLES NACIONAL|08/2025|22/09/2025
HOLERITE,08/2025,19/09/2025,-,,Pago,true,HOLERITE|08/2025|19/09/2025
DAS - SIMPLES NACIONAL,07/2025,20/08/2025,"R$ 3.135,25",3135.25,Pago,true,DAS - SIMPLES NACIONAL|07/2025|20/08/2025
DARF - FOLHA,07/2025,20/08/2025,"R$ 166,98",166.98,Pago,true,DARF - FOLHA|07/2025|20/08/2025
HOLERITE,07/2025,20/08/2025,-,,Pago,true,HOLERITE|07/2025|20/08/2025
DARF - FOLHA,06/2025,18/07/2025,"R$ 166,98",166.98,Pago,true,DARF - FOLHA|06/2025|18/07/2025
DAS - SIMPLES NACIONAL,06/2025,21/07/2025,"R$ 1.526,74",1526.74,Pago,true,DAS - SIMPLES NACIONAL|06/2025|21/07/2025
HOLERITE,06/2025,18/07/2025,-,,Pago,true,HOLERITE|06/2025|18/07/2025
DAS - SIMPLES NACIONAL,05/2025,20/06/2025,"R$ 1.524,03",1524.03,Pago,true,DAS - SIMPLES NACIONAL|05/2025|20/06/2025
DARF - FOLHA,05/2025,20/06/2025,"R$ 166,98",166.98,Pago,true,DARF - FOLHA|05/2025|20/06/2025
HOLERITE,05/2025,20/06/2025,-,,Pago,true,HOLERITE|05/2025|20/06/2025
DAS - SIMPLES NACIONAL,04/2025,20/05/2025,"R$ 1.521,34",1521.34,Pago,true,DAS - SIMPLES NACIONAL|04/2025|20/05/2025
DARF - FOLHA,04/2025,20/05/2025,"R$ 166,98",166.98,Pago,true,DARF - FOLHA|04/2025|20/05/2025
HOLERITE,04/2025,20/05/2025,-,,Pago,true,HOLERITE|04/2025|20/05/2025
TAXA DE LOCALIZAÇÃO E F...,03/2025,12/05/2025,-,,Pago,true,TAXA DE LOCALIZAÇÃO E F...|03/2025|12/05/2025
DAS - SIMPLES NACIONAL,03/2025,22/04/2025,"R$ 1.518,60",1518.6,Pago,true,DAS - SIMPLES NACIONAL|03/2025|22/04/2025
DARF - FOLHA,03/2025,17/04/2025,"R$ 166,98",166.98,Pago,true,DARF - FOLHA|03/2025|17/04/2025
HOLERITE,03/2025,17/04/2025,-,,Pago,true,HOLERITE|03/2025|17/04/2025
DARF - FOLHA,02/2025,20/03/2025,"R$ 166,98",166.98,Pago,true,DARF - FOLHA|02/2025|20/03/2025
DAS - SIMPLES NACIONAL,02/2025,20/03/2025,"R$ 1.515,86",1515.86,Pago,true,DAS - SIMPLES NACIONAL|02/2025|20/03/2025
HOLERITE,02/2025,20/03/2025,-,,Pago,true,HOLERITE|02/2025|20/03/2025
DAS - SIMPLES NACIONAL,01/2025,20/02/2025,"R$ 1.513,09",1513.09,Pago,true,DAS - SIMPLES NACIONAL|01/2025|20/02/2025
DARF - FOLHA,01/2025,20/02/2025,"R$ 166,98",166.98,Pago,true,DARF - FOLHA|01/2025|20/02/2025
DAS - SIMPLES NACIONAL,12/2024,20/01/2025,"R$ 1.510,30",1510.3,Pago,true,DAS - SIMPLES NACIONAL|12/2024|20/01/2025
DARF - FOLHA,12/2024,20/01/2025,"R$ 155,32",155.32,Pago,true,DARF - FOLHA|12/2024|20/01/2025
HOLERITE,12/2024,20/01/2025,-,,Vencido,false,HOLERITE|12/2024|20/01/2025
DAS - SIMPLES NACIONAL,11/2024,20/12/2024,"R$ 1.507,49",1507.49,Pago,true,DAS - SIMPLES NACIONAL|11/2024|20/12/2024
DARF - FOLHA,11/2024,20/12/2024,"R$ 155,32",155.32,Pago,true,DARF - FOLHA|11/2024|20/12/2024
HOLERITE | HOLERITE,11/2024,20/12/2024,-,,Pago,true,HOLERITE | HOLERITE|11/2024|20/12/2024
DAS - SIMPLES NACIONAL |...,10/2024,21/11/2024,"R$ 1.504,66",1504.66,Pago,true,DAS - SIMPLES NACIONAL |...|10/2024|21/11/2024
DARF - FOLHA | DARF FOLHA,10/2024,19/11/2024,"R$ 155,32",155.32,Pago,true,DARF - FOLHA | DARF FOLHA|10/2024|19/11/2024
HOLERITE | HOLERITE,10/2024,20/11/2024,-,,Pago,true,HOLERITE | HOLERITE|10/2024|20/11/2024
DAS - SIMPLES NACIONAL |...,09/2024,21/10/2024,"R$ 1.501,81",1501.81,Pago,true,DAS - SIMPLES NACIONAL |...|09/2024|21/10/2024
DARF - FOLHA | DARF FOLHA,09/2024,18/10/2024,"R$ 155,32",155.32,Pago,true,DARF - FOLHA | DARF FOLHA|09/2024|18/10/2024
HOLERITE | HOLERITE,09/2024,18/10/2024,-,,Pago,true,HOLERITE | HOLERITE|09/2024|18/10/2024
DAS - SIMPLES NACIONAL |...,08/2024,20/09/2024,"R$ 1.498,94",1498.94,Pago,true,DAS - SIMPLES NACIONAL |...|08/2024|20/09/2024
DARF - FOLHA | DARF FOLHA,08/2024,20/09/2024,"R$ 155,32",155.32,Pago,true,DARF - FOLHA | DARF FOLHA|08/2024|20/09/2024
HOLERITE | HOLERITE,08/2024,20/09/2024,-,,Pago,true,HOLERITE | HOLERITE|08/2024|20/09/2024
DAS - SIMPLES NACIONAL |...,07/2024,20/08/2024,"R$ 2.914,00",2914,Pago,true,DAS - SIMPLES NACIONAL |...|07/2024|20/08/2024
DARF - FOLHA | DARF FOLHA,07/2024,20/08/2024,"R$ 155,32",155.32,Pago,true,DARF - FOLHA | DARF FOLHA|07/2024|20/08/2024
HOLERITE | HOLERITE,07/2024,20/08/2024,-,,Pago,true,HOLERITE | HOLERITE|07/2024|20/08/2024
DAS - SIMPLES NACIONAL |...,06/2024,22/07/2024,"R$ 1.418,08",1418.08,Pago,true,DAS - SIMPLES NACIONAL |...|06/2024|22/07/2024
DARF - FOLHA | DARF FOLHA,06/2024,19/07/2024,"R$ 155,32",155.32,Pago,true,DARF - FOLHA | DARF FOLHA|06/2024|19/07/2024
HOLERITE,06/2024,19/07/2024,-,,Pago,true,HOLERITE|06/2024|19/07/2024
DAS MENSAL,05/2024,20/06/2024,-,,Não consultado,false,DAS MENSAL|05/2024|20/06/2024
DARF FOLHA,05/2024,20/06/2024,-,,Não consultado,false,DARF FOLHA|05/2024|20/06/2024
HOLERITE,05/2024,20/06/2024,-,,Não consultado,false,HOLERITE|05/2024|20/06/2024
DAS MENSAL,04/2024,20/05/2024,-,,Não consultado,false,DAS MENSAL|04/2024|20/05/2024
DARF FOLHA,04/2024,20/05/2024,-,,Não consultado,false,DARF FOLHA|04/2024|20/05/2024
TAXA DE LOCALIZAÇÃO E F...,04/2024,10/05/2024,-,,Não consultado,false,TAXA DE LOCALIZAÇÃO E F...|04/2024|10/05/2024
DAS MENSAL,03/2024,20/04/2024,-,,Não consultado,false,DAS MENSAL|03/2024|20/04/2024
DARF FOLHA,03/2024,19/04/2024,-,,Não consultado,false,DARF FOLHA|03/2024|19/04/2024
DAS MENSAL,02/2024,20/03/2024,-,,Não consultado,false,DAS MENSAL|02/2024|20/03/2024
DARF FOLHA,02/2024,20/03/2024,-,,Não consultado,false,DARF FOLHA|02/2024|20/03/2024
Envelope de Pagamento...,02/2024,20/03/2024,-,,Não consultado,false,Envelope de Pagamento...|02/2024|20/03/2024
DAS MENSAL,01/2024,20/02/2024,-,,Não consultado,false,DAS MENSAL|01/2024|20/02/2024
DARF FOLHA,01/2024,20/02/2024,-,,Não consultado,false,DARF FOLHA|01/2024|20/02/2024
Envelope de Pagamento...,01/2024,20/02/2024,-,,Não consultado,false,Envelope de Pagamento...|01/2024|20/02/2024
DARF FOLHA,12/2023,19/01/2024,-,,Não consultado,false,DARF FOLHA|12/2023|19/01/2024
DAS MENSAL,12/2023,22/01/2024,-,,Não consultado,false,DAS MENSAL|12/2023|22/01/2024
Envelope de Pagamento...,12/2023,19/01/2024,-,,Não consultado,false,Envelope de Pagamento...|12/2023|19/01/2024
DAS MENSAL,11/2023,20/12/2023,-,,Não consultado,false,DAS MENSAL|11/2023|20/12/2023
DARF FOLHA,11/2023,20/12/2023,-,,Não consultado,false,DARF FOLHA|11/2023|20/12/2023
Envelope de Pagamento...,11/2023,20/12/2023,-,,Não consultado,false,Envelope de Pagamento...|11/2023|20/12/2023
DAS MENSAL,10/2023,20/11/2023,-,,Não consultado,false,DAS MENSAL|10/2023|20/11/2023
DARF FOLHA,10/2023,20/11/2023,-,,Não consultado,false,DARF FOLHA|10/2023|20/11/2023
Envelope de Pagamento...,10/2023,20/11/2023,-,,Não consultado,false,Envelope de Pagamento...|10/2023|20/11/2023
DAS - MENSAL,09/2023,20/10/2023,-,,Não consultado,false,DAS - MENSAL|09/2023|20/10/2023
DARF FOLHA,09/2023,20/10/2023,-,,Não consultado,false,DARF FOLHA|09/2023|20/10/2023
Envelope de Pagamento...,09/2023,20/10/2023,-,,Não consultado,false,Envelope de Pagamento...|09/2023|20/10/2023
DAS MENSAL,08/2023,20/09/2023,-,,Não consultado,false,DAS MENSAL|08/2023|20/09/2023
DARF FOLHA,08/2023,20/09/2023,-,,Não consultado,false,DARF FOLHA|08/2023|20/09/2023
Envelope de Pagamento...,08/2023,20/09/2023,-,,Não consultado,false,Envelope de Pagamento...|08/2023|20/09/2023
DAS MENSAL,07/2023,21/08/2023,-,,Não consultado,false,DAS MENSAL|07/2023|21/08/2023
DARF FOLHA,07/2023,18/08/2023,-,,Não consultado,false,DARF FOLHA|07/2023|18/08/2023
Envelope de Pagamento...,07/2023,18/08/2023,-,,Não consultado,false,Envelope de Pagamento...|07/2023|18/08/2023
DAS MENSAL,06/2023,20/07/2023,-,,Não consultado,false,DAS MENSAL|06/2023|20/07/2023
Guia de pagamento,06/2023,20/07/2023,-,,Não consultado,false,Guia de pagamento|06/2023|20/07/2023
Envelope de Pagamento...,06/2023,20/07/2023,-,,Não consultado,false,Envelope de Pagamento...|06/2023|20/07/2023
DAS MENSAL,05/2023,20/06/2023,-,,Não consultado,false,DAS MENSAL|05/2023|20/06/2023
Guia de pagamento,05/2023,20/06/2023,-,,Não consultado,false,Guia de pagamento|05/2023|20/06/2023
Envelope de Pagamento...,05/2023,20/06/2023,-,,Não consultado,false,Envelope de Pagamento...|05/2023|20/06/2023
DAS MENSAL,04/2023,22/05/2023,-,,Pago,true,DAS MENSAL|04/2023|22/05/2023
Guia de pagamento,04/2023,19/05/2023,-,,Não consultado,false,Guia de pagamento|04/2023|19/05/2023
Envelope de Pagamento...,04/2023,19/05/2023,-,,Não consultado,false,Envelope de Pagamento...|04/2023|19/05/2023
INSS,03/2023,20/04/2023,-,,Não consultado,false,INSS|03/2023|20/04/2023
DAS MENSAL,03/2023,20/04/2023,-,,Não consultado,false,DAS MENSAL|03/2023|20/04/2023
Envelope de Pagamento...,03/2023,20/04/2023,-,,Não consultado,false,Envelope de Pagamento...|03/2023|20/04/2023
INSS,02/2023,20/03/2023,-,,Não consultado,false,INSS|02/2023|20/03/2023
HOLERITE,02/2023,20/03/2023,-,,Não consultado,false,HOLERITE|02/2023|20/03/2023
DAS - Mensal,02/2023,20/03/2023,-,,Não consultado,false,DAS - Mensal|02/2023|20/03/2023
DAS - Mensal,01/2023,22/02/2023,-,,Não consultado,false,DAS - Mensal|01/2023|22/02/2023
