id,origem,dataEmissao,competencia,tomador,servico,valor,valorNumero,status,statusSlug,contajaId
contaja-1001600,contaja,01/06/2026 21:06:40,06/2026,MOB2CON SOLUCOES TECNOLOGICAS S.A,ref a mai/26,"R$ 25.000,00",25000,Autorizada,authorized,1001600
contaja-947522,contaja,02/05/2026 11:40:14,05/2026,MOB2CON SOLUCOES TECNOLOGICAS S.A,ref a abr/26,"R$ 25.000,00",25000,Autorizada,authorized,947522
contaja-899830,contaja,01/04/2026 15:22:42,04/2026,MOB2CON SOLUCOES TECNOLOGICAS S.A,ref a mar/25,"R$ 25.000,00",25000,Autorizada,authorized,899830
contaja-852510,contaja,02/03/2026 12:32:13,03/2026,MOB2CON SOLUCOES TECNOLOGICAS S.A,ref a fev/26,"R$ 22.872,29",22872.29,Autorizada,authorized,852510
contaja-812989,contaja,02/02/2026 19:00:26,02/2026,MOB2CON SOLUCOES TECNOLOGICAS S.A,ref a jan/26,"R$ 22.872,29",22872.29,Autorizada,authorized,812989
contaja-775748,contaja,05/01/2026 13:09:07,01/2026,MOB2CON SOLUCOES TECNOLOGICAS S.A,ref a dez/25,"R$ 22.872,29",22872.29,Autorizada,authorized,775748
contaja-740189,contaja,02/12/2025 20:54:15,12/2025,MOB2CON SOLUCOES TECNOLOGICAS S.A,ref a nov/25,"R$ 22.872,29",22872.29,Autorizada,authorized,740189
contaja-703607,contaja,03/11/2025 12:15:25,11/2025,MOB2CON SOLUCOES TECNOLOGICAS S.A,"Análise, exame, pesquisa, coleta, compilação e fornecimento de dados e informações de qualquer natureza, inclusive cadastro e similares.","R$ 22.872,29",22872.29,Autorizada,authorized,703607
contaja-673290,contaja,06/10/2025 11:05:27,10/2025,MOB2CON SOLUCOES TECNOLOGICAS S.A,"170100388 | 17.01 - ANÁLISE, EXAME, PESQUISA, COLETA, COMPILAÇÃO E FORNECIMENTO DE DADOS E INFORMAÇÕES, INCLUSIVE CADASTRO E SIMILARES, EXCETO PESQUISA DE OPINIÃO PÚBLICA","R$ 22.872,29",22872.29,Autorizada,authorized,673290
contaja-639285,contaja,02/09/2025 23:28:18,09/2025,MOB2CON SOLUCOES TECNOLOGICAS S.A,"170100388 | 17.01 - ANÁLISE, EXAME, PESQUISA, COLETA, COMPILAÇÃO E FORNECIMENTO DE DADOS E INFORMAÇÕES, INCLUSIVE CADASTRO E SIMILARES, EXCETO PESQUISA DE OPINIÃO PÚBLICA","R$ 22.872,29",22872.29,Autorizada,authorized,639285
contaja-621268,contaja,11/08/2025 09:06:08,08/2025,MOB2CON SOLUCOES TECNOLOGICAS S.A,"170100388 | 17.01 - ANÁLISE, EXAME, PESQUISA, COLETA, COMPILAÇÃO E FORNECIMENTO DE DADOS E INFORMAÇÕES, INCLUSIVE CADASTRO E SIMILARES, EXCETO PESQUISA DE OPINIÃO PÚBLICA","R$ 22.872,29",22872.29,Autorizada,authorized,621268
contaja-577909,contaja,01/07/2025 11:35:29,07/2025,MOB2CON SOLUCOES TECNOLOGICAS S.A,"170100388 | 17.01 - ANÁLISE, EXAME, PESQUISA, COLETA, COMPILAÇÃO E FORNECIMENTO DE DADOS E INFORMAÇÕES, INCLUSIVE CADASTRO E SIMILARES, EXCETO PESQUISA DE OPINIÃO PÚBLICA","R$ 21.112,88",21112.88,Autorizada,authorized,577909
contaja-577907,contaja,01/07/2025 11:33:51,07/2025,MOB2CON SOLUCOES TECNOLOGICAS S.A,"170100388 | 17.01 - ANÁLISE, EXAME, PESQUISA, COLETA, COMPILAÇÃO E FORNECIMENTO DE DADOS E INFORMAÇÕES, INCLUSIVE CADASTRO E SIMILARES, EXCETO PESQUISA DE OPINIÃO PÚBLICA","R$ 20.107,50",20107.5,Autorizada,authorized,577907
contaja-553153,contaja,04/06/2025 20:48:05,06/2025,MOB2CON SOLUCOES TECNOLOGICAS LTDA,"170100388 | 17.01 - ANÁLISE, EXAME, PESQUISA, COLETA, COMPILAÇÃO E FORNECIMENTO DE DADOS E INFORMAÇÕES, INCLUSIVE CADASTRO E SIMILARES, EXCETO PESQUISA DE OPINIÃO PÚBLICA","R$ 20.107,50",20107.5,Autorizada,authorized,553153
contaja-521442,contaja,01/05/2025 12:28:48,05/2025,MOB2CON SOLUCOES TECNOLOGICAS LTDA,"170100388 | 17.01 - ANÁLISE, EXAME, PESQUISA, COLETA, COMPILAÇÃO E FORNECIMENTO DE DADOS E INFORMAÇÕES, INCLUSIVE CADASTRO E SIMILARES, EXCETO PESQUISA DE OPINIÃO PÚBLICA","R$ 20.107,50",20107.5,Autorizada,authorized,521442
contaja-509347,contaja,09/04/2025 09:53:45,04/2025,MOB2CON SOLUCOES TECNOLOGICAS LTDA,"170100388 | 17.01 - ANÁLISE, EXAME, PESQUISA, COLETA, COMPILAÇÃO E FORNECIMENTO DE DADOS E INFORMAÇÕES, INCLUSIVE CADASTRO E SIMILARES, EXCETO PESQUISA DE OPINIÃO PÚBLICA","R$ 20.107,50",20107.5,Autorizada,authorized,509347
contaja-477418,contaja,07/03/2025 10:49:13,03/2025,MOB2CON SOLUCOES TECNOLOGICAS LTDA,"170100388 | 17.01 - ANÁLISE, EXAME, PESQUISA, COLETA, COMPILAÇÃO E FORNECIMENTO DE DADOS E INFORMAÇÕES, INCLUSIVE CADASTRO E SIMILARES, EXCETO PESQUISA DE OPINIÃO PÚBLICA","R$ 20.107,50",20107.5,Autorizada,authorized,477418
contaja-461730,contaja,11/02/2025 23:09:41,02/2025,MOB2CON SOLUCOES TECNOLOGICAS LTDA,"170100388 | 17.01 - ANÁLISE, EXAME, PESQUISA, COLETA, COMPILAÇÃO E FORNECIMENTO DE DADOS E INFORMAÇÕES, INCLUSIVE CADASTRO E SIMILARES, EXCETO PESQUISA DE OPINIÃO PÚBLICA","R$ 20.107,50",20107.5,Autorizada,authorized,461730
contaja-454652,contaja,06/02/2025 19:36:44,02/2025,MOB2CON SOLUCOES TECNOLOGICAS LTDA,"170100388 | 17.01 - ANÁLISE, EXAME, PESQUISA, COLETA, COMPILAÇÃO E FORNECIMENTO DE DADOS E INFORMAÇÕES, INCLUSIVE CADASTRO E SIMILARES, EXCETO PESQUISA DE OPINIÃO PÚBLICA","R$ 20.107,50",20107.5,Negada,denied,454652
contaja-454650,contaja,06/02/2025 19:34:35,02/2025,MOB2CON SOLUCOES TECNOLOGICAS LTDA,"170100388 | 17.01 - ANÁLISE, EXAME, PESQUISA, COLETA, COMPILAÇÃO E FORNECIMENTO DE DADOS E INFORMAÇÕES, INCLUSIVE CADASTRO E SIMILARES, EXCETO PESQUISA DE OPINIÃO PÚBLICA","R$ 20.107,50",20107.5,Negada,denied,454650
contaja-438750,contaja,13/01/2025 14:42:50,01/2025,MOB2CON SOLUCOES TECNOLOGICAS LTDA,"170100388 | 17.01 - ANÁLISE, EXAME, PESQUISA, COLETA, COMPILAÇÃO E FORNECIMENTO DE DADOS E INFORMAÇÕES, INCLUSIVE CADASTRO E SIMILARES, EXCETO PESQUISA DE OPINIÃO PÚBLICA","R$ 20.107,50",20107.5,Autorizada,authorized,438750
contaja-398667,contaja,02/12/2024 19:41:35,12/2024,MOB2CON SOLUCOES TECNOLOGICAS LTDA,"170100388 | 17.01 - ANÁLISE, EXAME, PESQUISA, COLETA, COMPILAÇÃO E FORNECIMENTO DE DADOS E INFORMAÇÕES, INCLUSIVE CADASTRO E SIMILARES, EXCETO PESQUISA DE OPINIÃO PÚBLICA","R$ 20.107,50",20107.5,Autorizada,authorized,398667
contaja-387023,contaja,11/11/2024 13:19:37,11/2024,MOB2CON SOLUCOES TECNOLOGICAS LTDA,"170100388 | 17.01 - ANÁLISE, EXAME, PESQUISA, COLETA, COMPILAÇÃO E FORNECIMENTO DE DADOS E INFORMAÇÕES, INCLUSIVE CADASTRO E SIMILARES, EXCETO PESQUISA DE OPINIÃO PÚBLICA","R$ 20.107,50",20107.5,Autorizada,authorized,387023
contaja-356263,contaja,01/10/2024 13:41:16,10/2024,MOB2CON SOLUCOES TECNOLOGICAS LTDA,"170100388 | 17.01 - ANÁLISE, EXAME, PESQUISA, COLETA, COMPILAÇÃO E FORNECIMENTO DE DADOS E INFORMAÇÕES, INCLUSIVE CADASTRO E SIMILARES, EXCETO PESQUISA DE OPINIÃO PÚBLICA","R$ 20.107,50",20107.5,Autorizada,authorized,356263
contaja-336360,contaja,03/09/2024 11:22:17,09/2024,MOB2CON SOLUCOES TECNOLOGICAS LTDA,"170100388 | 17.01 - ANÁLISE, EXAME, PESQUISA, COLETA, COMPILAÇÃO E FORNECIMENTO DE DADOS E INFORMAÇÕES, INCLUSIVE CADASTRO E SIMILARES, EXCETO PESQUISA DE OPINIÃO PÚBLICA","R$ 20.107,50",20107.5,Autorizada,authorized,336360
contaja-324779,contaja,09/08/2024 17:51:09,08/2024,MOB2CON SOLUCOES TECNOLOGICAS LTDA,"170100388 | 17.01 - ANÁLISE, EXAME, PESQUISA, COLETA, COMPILAÇÃO E FORNECIMENTO DE DADOS E INFORMAÇÕES, INCLUSIVE CADASTRO E SIMILARES, EXCETO PESQUISA DE OPINIÃO PÚBLICA","R$ 20.107,50",20107.5,Autorizada,authorized,324779
contaja-303313,contaja,05/07/2024 19:25:21,07/2024,MOB2CON SOLUCOES TECNOLOGICAS LTDA,"170100388 | 17.01 - ANÁLISE, EXAME, PESQUISA, COLETA, COMPILAÇÃO E FORNECIMENTO DE DADOS E INFORMAÇÕES, INCLUSIVE CADASTRO E SIMILARES, EXCETO PESQUISA DE OPINIÃO PÚBLICA","R$ 19.150,00",19150,Autorizada,authorized,303313
contaja-303305,contaja,05/07/2024 19:15:02,07/2024,MOB2CON SOLUCOES TECNOLOGICAS LTDA,"170100388 | 17.01 - ANÁLISE, EXAME, PESQUISA, COLETA, COMPILAÇÃO E FORNECIMENTO DE DADOS E INFORMAÇÕES, INCLUSIVE CADASTRO E SIMILARES, EXCETO PESQUISA DE OPINIÃO PÚBLICA","R$ 20.107,50",20107.5,Autorizada,authorized,303305
contaja-276220,contaja,03/06/2024 13:35:55,06/2024,MOB2CON SOLUCOES TECNOLOGICAS S.A,"170100388   17.01 - ANÁLISE, EXAME, PESQUISA, COLETA, COMPILAÇÃO E FORNECIMENTO DE DADOS E INFORMAÇÕES, INCLUSIVE CADASTRO E SIMILARES, EXCETO PESQUISA DE OPINIÃO PÚBLICA","R$ 19.150,00",19150,Autorizada,authorized,276220
contaja-253673,contaja,06/05/2024 19:34:24,05/2024,MOB2CON SOLUCOES TECNOLOGICAS S.A,"170100388   17.01 - ANÁLISE, EXAME, PESQUISA, COLETA, COMPILAÇÃO E FORNECIMENTO DE DADOS E INFORMAÇÕES, INCLUSIVE CADASTRO E SIMILARES, EXCETO PESQUISA DE OPINIÃO PÚBLICA","R$ 19.150,00",19150,Autorizada,authorized,253673
contaja-233117,contaja,04/04/2024 01:24:28,04/2024,MOB2CON SOLUCOES TECNOLOGICAS S.A,"170100388   17.01 - ANÁLISE, EXAME, PESQUISA, COLETA, COMPILAÇÃO E FORNECIMENTO DE DADOS E INFORMAÇÕES, INCLUSIVE CADASTRO E SIMILARES, EXCETO PESQUISA DE OPINIÃO PÚBLICA","R$ 19.150,00",19150,Autorizada,authorized,233117
contaja-218018,contaja,05/03/2024 10:49:51,03/2024,MOB2CON SOLUCOES TECNOLOGICAS S.A,"170100388   17.01 - ANÁLISE, EXAME, PESQUISA, COLETA, COMPILAÇÃO E FORNECIMENTO DE DADOS E INFORMAÇÕES, INCLUSIVE CADASTRO E SIMILARES, EXCETO PESQUISA DE OPINIÃO PÚBLICA","R$ 19.150,00",19150,Autorizada,authorized,218018
contaja-204275,contaja,05/02/2024 15:12:22,02/2024,MOB2CON SOLUCOES TECNOLOGICAS S.A,"170100388   17.01 - ANÁLISE, EXAME, PESQUISA, COLETA, COMPILAÇÃO E FORNECIMENTO DE DADOS E INFORMAÇÕES, INCLUSIVE CADASTRO E SIMILARES, EXCETO PESQUISA DE OPINIÃO PÚBLICA","R$ 19.150,00",19150,Autorizada,authorized,204275
contaja-204118,contaja,05/02/2024 12:07:20,02/2024,MOB2CON SOLUCOES TECNOLOGICAS S.A,"170100388   17.01 - ANÁLISE, EXAME, PESQUISA, COLETA, COMPILAÇÃO E FORNECIMENTO DE DADOS E INFORMAÇÕES, INCLUSIVE CADASTRO E SIMILARES, EXCETO PESQUISA DE OPINIÃO PÚBLICA","R$ 19.150,00",19150,Negada,denied,204118
contaja-191039,contaja,04/01/2024 12:04:09,01/2024,MOB2CON SOLUCOES TECNOLOGICAS S.A,"170100388   17.01 - ANÁLISE, EXAME, PESQUISA, COLETA, COMPILAÇÃO E FORNECIMENTO DE DADOS E INFORMAÇÕES, INCLUSIVE CADASTRO E SIMILARES, EXCETO PESQUISA DE OPINIÃO PÚBLICA","R$ 19.150,00",19150,Autorizada,authorized,191039
contaja-179403,contaja,06/12/2023 17:15:27,12/2023,MOB2CON SOLUCOES TECNOLOGICAS S.A,"170100388   17.01 - ANÁLISE, EXAME, PESQUISA, COLETA, COMPILAÇÃO E FORNECIMENTO DE DADOS E INFORMAÇÕES, INCLUSIVE CADASTRO E SIMILARES, EXCETO PESQUISA DE OPINIÃO PÚBLICA","R$ 19.150,00",19150,Autorizada,authorized,179403
contaja-167860,contaja,07/11/2023 18:49:09,11/2023,MOB2CON SOLUCOES TECNOLOGICAS S.A,"170100388   17.01 - ANÁLISE, EXAME, PESQUISA, COLETA, COMPILAÇÃO E FORNECIMENTO DE DADOS E INFORMAÇÕES, INCLUSIVE CADASTRO E SIMILARES, EXCETO PESQUISA DE OPINIÃO PÚBLICA","R$ 19.150,00",19150,Autorizada,authorized,167860
contaja-154637,contaja,02/10/2023 13:09:11,10/2023,MOB2CON SOLUCOES TECNOLOGICAS S.A,"170100388   17.01 - ANÁLISE, EXAME, PESQUISA, COLETA, COMPILAÇÃO E FORNECIMENTO DE DADOS E INFORMAÇÕES, INCLUSIVE CADASTRO E SIMILARES, EXCETO PESQUISA DE OPINIÃO PÚBLICA","R$ 19.150,00",19150,Autorizada,authorized,154637
contaja-145175,contaja,04/09/2023 15:10:36,09/2023,MOB2CON SOLUCOES TECNOLOGICAS S.A,"170100388   17.01 - ANÁLISE, EXAME, PESQUISA, COLETA, COMPILAÇÃO E FORNECIMENTO DE DADOS E INFORMAÇÕES, INCLUSIVE CADASTRO E SIMILARES, EXCETO PESQUISA DE OPINIÃO PÚBLICA","R$ 19.150,00",19150,Autorizada,authorized,145175
contaja-134477,contaja,02/08/2023 18:28:14,08/2023,MOB2CON SOLUCOES TECNOLOGICAS S.A,"170100388   17.01 - ANÁLISE, EXAME, PESQUISA, COLETA, COMPILAÇÃO E FORNECIMENTO DE DADOS E INFORMAÇÕES, INCLUSIVE CADASTRO E SIMILARES, EXCETO PESQUISA DE OPINIÃO PÚBLICA","R$ 19.150,00",19150,Autorizada,authorized,134477
contaja-123602,contaja,03/07/2023 20:01:52,07/2023,MOB2CON SOLUCOES TECNOLOGICAS LTDA,"170100388   17.01 - ANÁLISE, EXAME, PESQUISA, COLETA, COMPILAÇÃO E FORNECIMENTO DE DADOS E INFORMAÇÕES, INCLUSIVE CADASTRO E SIMILARES, EXCETO PESQUISA DE OPINIÃO PÚBLICA","R$ 19.150,00",19150,Autorizada,authorized,123602
contaja-123601,contaja,03/07/2023 20:00:49,07/2023,MOB2CON SOLUCOES TECNOLOGICAS LTDA,"170100388   17.01 - ANÁLISE, EXAME, PESQUISA, COLETA, COMPILAÇÃO E FORNECIMENTO DE DADOS E INFORMAÇÕES, INCLUSIVE CADASTRO E SIMILARES, EXCETO PESQUISA DE OPINIÃO PÚBLICA","R$ 18.000,00",18000,Autorizada,authorized,123601
contaja-112417,contaja,02/06/2023 17:45:26,06/2023,MOB2CON SOLUCOES TECNOLOGICAS LTDA,"170100388   17.01 - ANÁLISE, EXAME, PESQUISA, COLETA, COMPILAÇÃO E FORNECIMENTO DE DADOS E INFORMAÇÕES, INCLUSIVE CADASTRO E SIMILARES, EXCETO PESQUISA DE OPINIÃO PÚBLICA","R$ 18.000,00",18000,Autorizada,authorized,112417
contaja-99129,contaja,06/05/2023 00:03:16,05/2023,MOB2CON SOLUCOES TECNOLOGICAS LTDA,"170100388   17.01 - ANÁLISE, EXAME, PESQUISA, COLETA, COMPILAÇÃO E FORNECIMENTO DE DADOS E INFORMAÇÕES, INCLUSIVE CADASTRO E SIMILARES, EXCETO PESQUISA DE OPINIÃO PÚBLICA","R$ 18.000,00",18000,Autorizada,authorized,99129
contaja-89121,contaja,04/04/2023 12:23:52,04/2023,MOB2CON SOLUCOES TECNOLOGICAS LTDA,"170100388   17.01 - ANÁLISE, EXAME, PESQUISA, COLETA, COMPILAÇÃO E FORNECIMENTO DE DADOS E INFORMAÇÕES, INCLUSIVE CADASTRO E SIMILARES, EXCETO PESQUISA DE OPINIÃO PÚBLICA","R$ 18.000,00",18000,Autorizada,authorized,89121
contaja-79817,contaja,03/03/2023 18:34:49,03/2023,MOB2CON SOLUCOES TECNOLOGICAS LTDA,"170100388   17.01 - ANÁLISE, EXAME, PESQUISA, COLETA, COMPILAÇÃO E FORNECIMENTO DE DADOS E INFORMAÇÕES, INCLUSIVE CADASTRO E SIMILARES, EXCETO PESQUISA DE OPINIÃO PÚBLICA","R$ 18.000,00",18000,Autorizada,authorized,79817
contaja-71089,contaja,01/02/2023 13:28:31,02/2023,MOB2CON SOLUCOES TECNOLOGICAS LTDA,"170100388   17.01 - ANÁLISE, EXAME, PESQUISA, COLETA, COMPILAÇÃO E FORNECIMENTO DE DADOS E INFORMAÇÕES, INCLUSIVE CADASTRO E SIMILARES, EXCETO PESQUISA DE OPINIÃO PÚBLICA","R$ 18.000,00",18000,Autorizada,authorized,71089
contaja-64469,contaja,11/01/2023 15:13:18,01/2023,CONTA JA CONTABILIDADE LTDA,"Selecione o serviço170100388   17.01 - ANÁLISE, EXAME, PESQUISA, COLETA, COMPILAÇÃO E FORNECIMENTO DE DADOS E INFORMAÇÕES, INCLUSIVE CADASTRO E SIMILARES, EXCETO PESQUISA DE OPINIÃO PÚBLICA","R$ 0,01",0.01,Autorizada,authorized,64469
planejamento-07-2026,planejamento,,07/2026,MOB2CON SOLUCOES TECNOLOGICAS S.A,ref a jun/26 (planejado),"R$ 27.000,00",27000,Planejada,planned,
planejamento-08-2026,planejamento,,08/2026,MOB2CON SOLUCOES TECNOLOGICAS S.A,ref a jul/26 (planejado),"R$ 27.000,00",27000,Planejada,planned,
planejamento-09-2026,planejamento,,09/2026,MOB2CON SOLUCOES TECNOLOGICAS S.A,ref a ago/26 (planejado),"R$ 27.000,00",27000,Planejada,planned,
planejamento-10-2026,planejamento,,10/2026,MOB2CON SOLUCOES TECNOLOGICAS S.A,ref a set/26 (planejado),"R$ 27.000,00",27000,Planejada,planned,
planejamento-11-2026,planejamento,,11/2026,MOB2CON SOLUCOES TECNOLOGICAS S.A,ref a out/26 (planejado),"R$ 27.000,00",27000,Planejada,planned,
planejamento-12-2026,planejamento,,12/2026,MOB2CON SOLUCOES TECNOLOGICAS S.A,ref a nov/26 (planejado),"R$ 27.000,00",27000,Planejada,planned,
